{"cameraMode":{"drawMode":0,"name":"Shaded","section":"Shading Mode"},"sceneLighting":true,"audioPlay":false,"sceneViewState":{"m_AlwaysRefresh":false,"showFog":true,"showSkybox":true,"showFlares":true,"showImageEffects":true,"showParticleSystems":true,"showVisualEffectGraphs":true,"m_FxEnabled":true},"in2DMode":false,"pivot":{"x":2.479978561401367,"y":1.7781057357788087,"z":-9.174781799316407},"rotation":{"x":0.10371068865060806,"y":-0.27092164754867556,"z":0.029373841360211374,"w":0.9565476775169373},"size":3.4317195415496828,"orthographic":false}